302 TX HIGHWAY 3,Clear Creek
9055 KATY FREEWAY,Memorial Village
8951 RUTHBY STREET,Hobby
9511 HUFFMEISTER ROAD,Cypress Falls
15200 SOUTHWEST FREEWAY,Sugar Lakes
8810 ANTOINE DRIVE,Inwood
6122 BROADWAY STREET,East Pearland
21820 KATY FREEWAY,Mason Creek
14317 CYPRESS ROSEHILL ROAD,Cypress Mill
888 GRAHAM DRIVE,Tomball - Graham
102 N FRIENDSWOOD DRIVE,North Friendswood
5620 W THUNDERBIRD ROAD,Thunderbird Internal Medicine
18275 N 59TH AVENUE,Paseo
14541 W INDIAN SCHOOL ROAD,Estrella Internal Medicine and Pediatrics
3400 N DYSART ROAD,Sunny Internal Medicine & Pediatrics
14418 W MEEKER BOULEVARD,Summit Medical Group - Sun City West
10240 W INDIAN SCHOOL ROAD,La Paz
1000 SOUTH 12TH STREET,Primary Care Medical Center
4615 FAIRMONT PKWY,Fairmont
427 WEST 20TH STREET,"Edmundo Yrigoyen, MD"
4120 SOUTHWEST FREEWAY,Greenway (Houston)
16001 PARK TEN PLACE,Memorial Clinical Associates
250 W CHANDLER HEIGHTS ROAD,Chandler
15881 FM 529,Copperfield
1631 N LOOP,Dr. Tara Shani
10970 SHADOW CREEK PARKWAY,Dr. Timothy Daniel
720 W 34TH STREET,Heritage
6401 CYPRESSWOOD DR,Capstone (HOU)
1601 MAIN STREET,"Julio Molina, MD"
1631 N LOOP W,"Zayd Kaylani, MD"
1740 WEST 27TH STREET,"Christopher Angelo, MD"
1805 PARKE PLAZA CIRCLE SW,Stone Mountain - Parke Plaza
12314 JONES ROAD,Cypress North
1760 E PECOS ROAD,Gilbert
3048 E BASELINE ROAD,Mesa
9804 BROADWAY STREET,"Krischandra Patel, MD"
20266 N LAKE PLEASANT RD,Peoria
11250 E VIA LINDA,Scottsdale East
218 WELLS HALL,Murray State University Health Services
1460 N HALSTED STREET,Lincoln Park
11619 SHADOW CREEK PARKWAY,Shadow Creek
1309 FM 1092 RD,Missouri City
6467 WOODLANDS PKWY,The Woodlands
1351 W 43RD STREET,Heights
7777 SW FREEWAY,"Robert Ezell, MD"
3400 BISSONNET STREET,"Marrie Richards, MD"
7929 KIRBY DR,Braeswood
3970 DEPUTY BILL CANTRELL ROAD,Morrow Family Medicine - Cumming
12970 HIGHWAY 9,Morrow Family Medicine - Milton
1325 BALTIC AVENUE,Baltic
4401 VENTNOR AVENUE,Ventnor Avenue
4401 VENTNOR AVENUE,Ventnor Avenue Specialty
400 WEST BLACK HORSE PIKE,Pleasantville
634 SHORE ROAD,Somers Point
155 MEDICAL CENTER WAY,Somers Point Specialty
53 WEST WHITE HORSE PIKE,Galloway
53 WEST WHITE HORSE PIKE,Galloway Specialty
3069 ENGLISH CREEK AVENUE,EHT
1161 ROUTE 50,Mays Landing
602 SOUTH BROADWAY,Camden
25 SCOTCH ROAD,Ewing
2354 US 9 SOUTH,Howell
2354 US 9 SOUTH,Howell Specialty
631 TILTON ROAD,Northfield Specialty
521-523 TILTON ROAD,Northfield Specialty - Peds
108 WEST JIMMIE LEEDS ROAD,Galloway Specialty - Peds
10220 LOUETTA ROAD,Vintage
19003 N R H JOHNSON BLVD,Sun City West
4543 POST OAK PL DR,River Oaks (Associates in Medicine)
106 NATE WHIPPLE HIGHWAY,Brookside Medical Associates
528 NEWTON STREET,Tru-Med Incorporated
2 WAKE ROBIN ROAD,Lincoln Primary Care
1195 NORTH MAIN STREET,East Side Urgent Care
2140 MENDON ROAD,Ocean State UCC Cumberland
400 PUTNAM PIKE,Ocean State UCC Smithfield
4300 POST ROAD,Greenwich Bay Medical Center
63 CEDAR AVENUE,Ocean State Asthma and Allergy
982 TIOGUE AVENUE,Ocean State Primary Care Coventry
450 VETERANS MEMORIAL PARKWAY,Ocean State PCC East Providence
77 FRANKLIN STREET,Ocean State PCC Westerly
982 TIOGUE AVENUE,Ocean State Urgent Care Coventry
1131 WARWICK AVENUE,Ocean State UCC Warwick
67 VALLEY ROAD,Ocean State UCC Middletown
13734 TX-249,"Alan Tran, MD"
10720 BARKER CYPRESS ROAD,Riata Ranch
129 VISION PARK BOULEVARD,Shenandoah (North Woods Family Medicine)
35150 NANKIN BOULEVARD,Westland
13723 N LITCHFIELD RD,Surprise
8469 E MCDONALD DR,Scottsdale Central
18648 MCKAY DRIVE,Dr. Anil Dara
24917 FM 1314 RD,Porter
1489 S�HIGLEY ROAD,Complete Care
7448 W THUNDERBIRD RD,Peoria Southeast
6025 PROFESSIONAL PARKWAY,Douglas Medical Group
11529 S HIGHWAY 6,Sugar Land North
2440 S IRONWOOD DR,Apache Junction
2950 GEORGE DIETER DR,Sandy Creek
1701 N LEE TREVINO DRIVE,Dr. Hector Lopez
3325 PLAINVIEW STREET,"Denis Bergeron, MD"
13014 W CAMELBACK RD,Litchfield Park
20675 FM 1093 RD,Richmond North
7417 WEST GRAND PARKWAY S,EPIC
12004 SHADOW CREEK PKWY,Cypress Springs
12201 MONTWOOD DR,Sun Ridge South
400 N WAYNE ROAD,Westland South
5421 W THUNDERBIRD RD,Glendale
17100 N 67TH AVENUE,Arrowhead Medical Inc
8303 W CAMELBACK RD,Agua Fria
6065 MONTANA AVENUE,"Zafer Haydar, MD"
5401 MONTANA AVE,Timber Wolf
2745 DEKALB MEDICAL PARKWAY,Capstone (ATL) - Lithonia
465 WINN WAY,Capstone (ATL) - Decatur
5950 S COOPER RD,Chandler Primary Care
10090 RUSHING RD,Rushfair
3624 N POWER RD,Mesa North
1120 N LOOP 336 W,Conroe
1600 JACKSON ST,Richmond
105 S DELAWARE DRIVE,Heavens Medical PLC
9230 E MAIN ST,Mesa East
4739 OLD CANOE CREEK RD,"Carmen Sierra, MD, MG, LLC"
4501 13TH ST,Saint Cloud
3505 SOUTH REED ROAD,Kokomo (Community Internists and Associates)
1801 TEXAS AVE,La Marque
505 W LOUIS HENNA BOULEVARD,Parkway Primary Care
799 LOUIS HENNA BLVD,Round Rock
10705 W INDIAN SCHOOL RD,Avondale
2481 PROFESSIONAL CT,Priority Health Group (Molin)
3001 SIMPSON RD,Kissimmee East
3601 W WILLIAM CANNON DR,Sunset Valley
1000 SOUTH 12TH STREET,Primary Care Medical Center Pharmacy
2405 S GESSNER ROAD,"Thien Nguyen, MD"
1832 FM 646 RD W,Dickinson
12611 S GESSNER RD,Brays Oaks
1821 FM 685,Pflugerville
15452 N TATUM BLVD,Horizon
950 N ALABAMA STREET,Indianapolis Central
8032 N 19TH AVE,Sunnyslope
9055 KATY FREEWAY,Memorial Village Pharmacy
21820 KATY FREEWAY,Mason Creek Pharmacy
12606 W HOUSTON CENTER BLVD,Dr. John Nguyen
11994 RICHMOND AVE,Westchase
2525 W ANDERSON LN,Allandale
3921 STECK AVENUE,Beacon Family Health Care
76 W GUADALUPE RD,Gilbert North
6097 BROADWAY,Merrillville
5495 BROADWAY,Family Medicine & Wellness
724 CHARLES STREET,"MS Family Medicine, LLC (Muqeet Siddiqui)"
5601 N HIAWASSEE RD,Hiawassee
18435 N 19TH AVE,Deer Valley
595 DOBSON RD,Hatfield Chandler
3331 EAST BASELINE ROAD,Hatfield Gilbert
220 NORTH STAPLEY ROAD,Hatfield Stapley
6820 EAST BROWN ROAD,Hatfield Red Mountain
4360 EAST BROWN ROAD,Hatfield Southwest Medical Associates
6242 EAST ARBOR AVENUE,Hatfield Arbor
3048 EAST BASELINE ROAD,Hatfield Paragon
300 SOUTH PHELPS DRIVE,Hatfield Apache Junction
6828 EAST BROWN ROAD,Hatfield Arizona Institute of Internal Medicine
1335�E WHITESTONE BLVD,Cedar Park
600 N SHEPHERD,Heights South
512 HILLGROVE AVENUE,"Western Springs (Dr Flach and Associates, PC)"
21212 NORTHWEST FWY,"Dr. Julius DeBroeck, MD"
8762 LONG POINT ROAD,Dr. Sria Durayappah
9450 HAMMERLY BLVD,Spring Branch
1825 E WARNER RD,Tempe
1625 RIDENOUR BLVD NW,Kennesaw Southeast
754 CHEROKEE STREET,"Mohammed A. Khan, MD"
1227 E RIDGE RD,Griffith
1322 SPACE PARK DRIVE,Muralidhar Yerramadhar
16185 SPACE CENTER BLVD,Space Center
619 S 8th ST,Internal Medicine of Griffin
500 MAXEY RD,Northshore
18652 MCKAY DRIVE,Humble Family Practice - Humble
7821 FM 1960,Humble Family Practice - Atascocita
7111 MEDICAL CENTER DRIVE,Beeler-Manske
1631 NORTH LOOP,"Virgilio Carandang, MD"
200 W STATE ROAD 436,Altamonte Springs
465 MT. PROSPECT AVE,Dr. Ortiz (Forest Hill)
750 FLETCHER DRIVE,Elgin
3533 E SILVER SPRINGS BLVD,Ocala East
6417 MEMORIAL DRIVE,"Nusrat Soleja, MD"
4540 E BASELINE RD,Homewood Family Medicine
4166 SNAPFINGER WOODS DR,Advanced Internal Medicine LLC Decatur
235 MEDICAL BLVD,Advanced Internal Medicine LLC Stockbridge
189 MEDICAL WAY,Advanced Internal Medicine LLC Riverdale
700 S FRIENDSWOOD DR,"FRIENDSWOOD MEDICAL ARTS CLINIC, PA (Dr. DIANA ALVES)"
1618 E THOMAS RD,Midtown East
5001 ROSS AVE,Old East Dallas
2010 CITRUS BLVD,Leesburg
6994 US HIGHWAY 19 N,Pinellas Park Southeast
101 W SOUTHMORE AVE,Pasadena Northwest
5995 US HIGHWAY 6,Portage
408 OLD POLK CITY RD,Lakeland North
40083 HWY 27,Davenport
4102 WOODLAWN AVE,Cleve James
29662 N TATUM BLVD,Cave Creek
506 GRAHAM ROAD,Tomball East
17347 VILLAGE GREEN DRIVE,Jersey Village
1400 GEORGE DIETER DR,"EP Family Clinic, PA (Maria G Cardenas, MD)"
8045 N LOOP DR,Mission Valley
4550 E PALM VALLEY BLVD,Round Rock Northeast
28516 N EL MIRAGE RD,Vistancia
3550 FRUITVILLE RD,Sarasota East
333 SCHOOL ST,Nardone Medical Associates
12704 BAMMEL NORTH HOUSTON RD,Champions
5781 KYLE PKWY,Kyle
12660 TEN MILE ROAD,Green Oak
23133 ORCHARD LAKE ROAD,Farmington
17800 NEWBURGH RD,Livonia
422 NORTH CENTER ST,Northville West
42931 SEVEN MILE RD,Northville
39475 LEWIS DRIVE,Novi
620 N PONTIAC TRAIL,Pontiac Trail
22024 PONTIAC TRAIL,South Lyon
29409 HAGGERTY ROAD,Diagnostic Center
422 NORTH CENTER ST,Envision Northville Podiatry
1020 N COLLINS ST,Central Arlington
1600 PRESTON RD,Preston Park
2845 W CLEVELAND RD,South Bend Northwest
2251 N SEMORAN BLVD,Baldwin Park
1581 AUSTIN HWY,Alamo Heights
4501 CARTWRIGHT ROAD,Dr. Siddharth Dave
2221 FULTON ST,Northside Village
11914 ASTORIA BOULEVARD,Maqsood Javed MD
1622 N 59TH AVE,Maryvale Village
6651 OLD WINTER GARDEN RD,Metro West
545 VENTURE COURT,Monticello
210 COLLEGE STREET,McDonough
3334 HWY 155 SOUTH,Locust Grove
800 WEST BAY DR 1,Largo West
550 S MESA HILLS DR,South Mesa Hills
4553 NORTH SHALLOWFORD ROAD,Daniel Goodman MD
6350 DAVIS BLVD,North Richland Hills Central
10997 FUQUA ST,Southbelt
1494 US HIGHWAY 41 BYP S,Venice
205 S MAIN ST,Rocky Mountain
7233 E BASELINE ROAD,Superstition Springs
908 S POWER ROAD,Leisure World
210 SOUTHERN BREEZE DRIVE,Minneola
22 US HIGHWAY 41,Schererville
10121 SEMINOLE BLVD,Seminole North
35 BEAVERSON BLVD,Brick (Reliance)
429 W PIKE ST,Goshen
427 W 20th ST,"Donald Young III, MD"
7885 E SPEEDWAY BLVD,Tucson East
13700 E COLONIAL DR,Avalon Park
6205 WESTCREEK DR,Wedgewood
105 JULINGTON PLAZA DR,Fruit Cove
1264 NW 35TH ST,Ocala North
4005 BARKER CYPRESS RD,Bear Creek
31 PINE ST,Pondville Medical Associates
176 TOLLGATE RD,A to Z Primary Care
3557 CASSOPOLIS ST,Elkhart North
36521 STATE ROAD 54,Zephyrhills
2200 E HOUSTON ST,Eastside Promise
2401 W LEDBETTER DR,Oak Cliff
10405 N LA CANADA DR,Oro Valley
2587 FM 423,Little Elm
8300 WILCREST DR,Alief
4534 WEST GATE BOULEVARD,Marchand & Associates
3390 CENTRAL AVE,Kenwood
1890 N STONEBRIDGE DRIVE,Caring Partner Medical Clinic
151 W LAKE STREET,CSU
151 W LAKE STREET,CSU Urgent Care
1625 FOXTRAIL DRIVE,Foxtrail
2121 E HARMONY,Harmony
3519 RICHMOND DRIVE,Horsetooth
3519 RICHMOND DRIVE,Horsetooth Urgent Care
1107 S LEMAY AVENUE,Lemay
1113 OAKRIDGE DRIVE,Oakridge
2025 BIGHORN DRIVE,Timberline
2001 S SHIELDS,S Shields
1683 MAIN STREET,Windsor
1683 MAIN STREET,Windsor Urgent Care
7224-1 MERRILL RD,Arlington
955 S WINTER PARK DR,Casselberry
4404 S HIGHWAY 27,Clermont
1902 N JUPITER RD,Garland West
3707 ATASCOCITA RD,Humble East
387 N ESTRELLA PKWY,Goodyear
3801 ORLANDO DR,Sanford
10152 LAKE JUNE RD,Pleasant Grove
11010 BLOOMINGDALE AVE,Riverview
5950 BROADWAY BLVD,Garland South
5434 HIGHWAY 78,Sachse
418 QUINCY AVE,Quincy East
6800 1H-10 W.,Bandera Heart Plaza One
7579 N. LOOP 1604 W.,Bandera Main
12952 BANDERA RD,Bandera Helotes
8957 HUDSON AVE,Hudson
5405 66TH ST N,West Lealman
5252 E MAIN ST,Velda Rose
8955 N TARRANT PKWY,North Richland Hills
12959 ALDINE WESTFIELD RD,Aldine
1985 E CHANDLER BLVD,Chandler East
5709 GUNN HWY,Citrus Park
654 CASSAT AVE,Normandy
175 NATE WHIPPLE WAY,Balon
1110 TAMIAMI TRL N,Nokomis
858 S WHITE HORSE PIKE,Nurkiewicz
11904 OAK CREEK PKWY,Huntley
8530 FM 78,Converse
7015 NARCOOSSEE RD,Vista East
7546-1 103RD ST,Oak Hill
731 W BELT LINE RD,DeSoto
1298 HOOKSETT RD,Hooksett
1900 S 6TH AVE,Santa Cruz
9200 CONROY WINDERMERE RD,Windermere
7018 MASSACHUSETTS AVE,New Port Richey
54 S NORTHWEST HWY,Palatine
9080 MARBACH RD,Adams Hill
2710 NOGALITOS,Palm Heights
901 LEGACY DR,Plano Northeast
2103 FM 2920 RD,Spring
1504 53RD AVE E,Bradenton South
2437 E GREENWAY PKWY,Greenway
525-A BOSTON POST RD E,Marlborough
866-1 DUNN AVE,Highlands
6002 E MAIN ST,Mesa Central
907 N. EAST STREET,Indianapolis East
2000 GARTH RD,Baytown
3910 E 22ND ST,Reid Park
550 AMHERST ST,Nashua
6901 SAN PEDRO AVE,San Pedro
2300 E PARK BLVD,Plano East
2411 W ANTHEM WAY,Anthem
12020 CULEBRA ROAD,Culebra
8996 STACY RD,McKinney Central
14405 BEACH BLVD,Jacksonville East
2647 BOX CANYON DRIVE,Box Canyon Primary Care
13911 NINE EAGLES DR,Nine Eagles
1161 BRIDGE ST,Lowell North
3985 STEVE REYNOLDS BLVD,Truc Pham MD PC
2901 E BROAD ST,Mansfield
10795 BROADWAY,Crown Point
4712 E ROSE GARDEN LN,Desert Ridge
4130 LEGACY DR,Legacy
5525 E RIVER RD,River
755 SOUTH PERRY ST,Castle Rock Family Physicians
5775 FM 423,Frisco Southwest
105 W ARDICE AVE,Eustis
1142 W GUADALUPE RD,Alma School
21106 KUYKENDAHL RD,Kuykendahl
25205 WESLEY CHAPEL BLVD,Lutz
5435 FIVE FORKS TRICKUM RD,Stone Mountain
11207 N LAMAR BLVD,Evergreen Family Practice
800 BIESTERFIELD RD,EGMA
631 SHORE RD,Somers Point Shore
1651 W UNIVERSITY DR,McKinney Northeast
385 COTTAGE ST,Cottage
4324 GOLDEN TRIANGLE BLVD,Keller
3298 S JOHN YOUNG PKWY,Kissimmee South
6393 BABCOCK RD,Babcock
11430 BEACH BLVD,St. Johns Bluff
2774 E ELDORADO PKWY,Eldorado
11951 N 1ST AVE,Tangerine East
9305 S EASTERN AVE,Serene East
181 S CLAYTON ST,Lawrenceville
750 WASHINGTON ST,Weymouth
2150 W ORANGE GROVE RD,Casas Adobes
11600 S ORANGE BLOSSOM TRL,Orange Blossom
6017 INGRAM RD,Ingram
225 BOSTON TPKE,Shrewsbury
481 KINGSTOWN RD,Wakefield
591 METACOM AVE,Bristol
1317 E CHANDLER BLVD,Desert Foothills
21212 E OCOTILLO RD,Queen Creek
2353 OCOEE APOPKA RD,Ocoee
5281 CLARK RD,Clark
75 MARKET ST,Rockland
2398 MOUNT VERNON RD,Dunwoody
606 VALLEY ST,Manchester
4015 I-45 NORTH,Conroe North
9851 FM 1097 RD WEST,Willis
1383 PLAINFIELD ST,Plainfield
8309 SOUTHSIDE BLVD,Southside
303 CHARLIE WATTS DR,Dallas
6520 WESTHEIMER RD,Westheimer
1090 PEACHTREE INDUSTRIAL BLVD,Suwanee
601 S GREEN VALLEY PKWY,Henderson
215 BEACH ST,Malden
5610 CENTENNIAL CENTER BLVD,Centennial
5 PATRICIA AVE,Dunedin
1550 W VALENCIA RD,Valencia
2703 US HIGHWAY 130,North Brunswick
14 JACKSON ST,Methuen East
4096 MARINER BLVD,Spring Hill
624 WAVERLY ST,Framingham
121 MAIN ST,Foxboro
4395 KIMBALL BRIDGE RD,Kimball Bridge
68 MAIN ST,Medway
901 BITTERS RD,Bitters
155 SCHOOL STREET,Tomball
601 CLARA BARTON BLVD,DIMGS
1620 NOOSENECK HILL RD,Coventry Reservoir
325 W WALNUT ST,Lebanon
2451 HAMPTON RD,Hampton
1210 KINGWOOD DR,Kingwood
4702 N JIM MILLER RD,Southeast Dallas
6011 SW HIGHWAY 200,Ocala Southwest
342 S MILWAUKEE AVENUE,Wheeling
4646 NORTH MARINE DRIVE,Weiss
4021 CROSS TIMBERS RD,Flower Mound
120 W SLAUGHTER LN,Congress
835 E 17TH AVE,Longmont
2595 PEACHTREE PKWY,Cumming
12145 SAN JOSE BLVD,San Jose
110A E MCKINLEY AVE,Mishawaka
2155 POST OAK TRITT RD,Marietta Post Oak
2614 S COLLEGE AVE,South College
4585 RESEARCH FOREST DR,Research Forest
2190 W DRAKE RD,West Drake
20800 US HIGHWAY 281 N,Encino Park
500 E STACY RD,Allen
9910 W 55TH ST,Countryside
3030 W MAIN ST,Frisco West
3608 S LAFOUNTAIN ST,Kokomo
345 E VIRGINIA AVE,Phoenix Central
641 MEACHAM RD,Elk Grove
5000 TEASLEY LN,Denton
35553 US HIGHWAY 19 N,Palm Harbor
3425 CLIFF SHADOWS PKWY,Cliff Shadows
7445 WEST BELL ROAD,Arrowhead
1104 W TAYLOR ST,Griffin
1602 N EXPRESSWAY,Griffin North
9610 FM 1097 RD W,TBD - Houston17
22202 WESTHEIMER PKWY,TBD - Houston19
3326 FREDERICKSBURG RD,TBD - San Antonio14
9705 SPENCER HWY,TBD - Houston20
6120 OLD NATIONAL HWY,TBD - Atlanta23
1520 PIONEER RD,TBD - Dallas33
101 PROMINENCE POINT PKWY,Canton
2007 N GOLIAD ST,TBD - Dallas32
2705 BUFORD HWY,TBD - Atlanta24
313 N DENTON TAP RD,TBD - Dallas29
1919 E FRANKFORD RD,Carrollton
12225 HIGHWAY 6,Fresno
1145 S HARRISON RD,Harrison
22280 N 67TH AVE,Hillcrest
10825 E BASELINE RD,East Baseline
7800 N CORTARO RD,TBD - Tucson9
805 S VAL VISTA DR,TBD - Phoenix22
4371 S COBB DR SE,TBD - Atlanta29
2500 OLD NORCROSS RD,TBD - Atlanta30
11403 E NORTHWEST HWY,Dallas Northeast
5201 LAVISTA RD,TBD - Atlanta31
1700 OLD RANCH ROAD 12,TBD - Austin6
9625 WHITE SETTLEMENT RD,TBD - Dallas34
2075 LAWRENCEVILLE SUWANEE RD,TBD - Atlanta32
13227 N 7TH ST,TBD - Phoenix25
5455 LAWRENCEVILLE HWY NW,TBD - Atlanta22
9810 S MASON RD,TBD - Houston21
13435 N HIGHWAY 183,TBD - Austin4
6090 LAKE ACWORTH DR NW,Lake Acworth
4403 COLLEYVILLE BLVD,TBD - Dallas30
2024 W MAIN ST,Dobson
2365 BUFORD DR,TBD - Atlanta20
1902 N LOOP 1604 W,TBD - San Antonio13
4081 N MAYS ST,TBD - Austin3
9390 S UNIVERSITY BLVD,Highlands Ranch
20051 E SMOKY HILL RD,Smoky Hill
7443 W CHATFIELD AVE,TBD - Denver12
18900 HIGHWAY 105 W,TBD - Houston14
23110 ALDINE WESTFIELD RD,TBD - Houston16
1070 RICHARD D SAILORS PARKWAY,Powder Springs
7930 BELT LINE RD,Richardson East
7930 WADSWORTH BLVD,Arvada
12075 HIGHWAY 92,Woodstock
1701 W SOUTHLAKE BLVD,TBD - Dallas28
750 E 120TH AVE,TBD - Denver13
8889 GATEWAY WEST BOULEVARD,TBD - El Paso2
4103 S GREAT SOUTHWEST PKWY,TBD - Dallas31
20500 FM 529 RD,TBD - Houston18
9009 N 67TH AVE,TBD - Phoenix24
16244 S POST OAK RD,TBD - Houston15
3450 W DUNLAP AVE,TBD - Phoenix21
1825 W BETHANY HOME RD,TBD - Phoenix23
2035 CANDLER RD,TBD - Atlanta25
2483 E FLORENCE BLVD,Casa Grande
2580 SANDY PLAINS RD,Sandy Plains
5000 FLOYD RD SW,Mableton
3690 N GARFIELD AVE,Loveland
3360 IRVIN COBB DR,TBD - Western KY1
635 S 6TH ST,TBD - Western KY2
4617 JONESBORO RD,TBD - Atlanta27
2065 S HAIRSTON RD,TBD - Atlanta28
12352 FM 1957,TBD - San Antonio16
1975 S ALMA SCHOOL RD,TBD - Phoenix27
3233 E GERMANN RD,TBD - Phoenix28
25620 KINGSLAND BLVD,TBD - Houston22
16440 E ARAPAHOE RD,Foxfield
6360 E EVANS AVE,Virginia Village
5870 S KIPLING PKWY,Littleton
5015 S ARIZONA MILLS CIRCLE,Tempe West
4525 WILLIAMS DR,Georgetown
2975 DELK RD SE,Marietta
1733 MACLAND RD SW,Macland SW
4360 BELLS FERRY RD NW,Bells Ferry
2111 E BUSCH BLVD,TBD - Tampa8
630 BLANDING BLVD,TBD - Jacksonville4
7606 S 7TH ST,South Mountain Village
3434 W SOUTHERN AVE,TBD - Phoenix8
746 W UNIVERSITY DR,Mesa West
35 MAIN ST,Peabody
30280 US HIGHWAY 19 N,TBD - Tampa13
11810 RANCH ROAD 620 N,TBD - Austin1
7011 E SHEA BLVD,TBD - Phoenix17
925 W BASELINE RD,Tempe West
1641 23rd Ave,Greeley
20 WOODRUFF AVE,TBD - Rhode Island4
235 S MAIN ST,TBD - Boston11
7655 TEZEL RD,Tezel
901 S CROWLEY RD,Crowley
8980 E TANQUE VERDE RD,TBD - Tucson10
7496 S SIMMS ST,TBD - Denver14
8300 WATTERSON TRL,TBD - Louisville6
15490 W BELL RD,TBD - Phoenix26
3030 GOLIAD RD,TBD - San Antonio15
3301 DENTON HWY,Haltom City
780 GLYNN ST N,Fayetteville
3769 PLEASANT HILL RD,Pleasant Hill
1 COWESETT AVE,West Warwick
13023 S LA GRANGE RD,TBD - Chicago4
5340 SOUTEL DR,Lincoln Villas
560 RAYFORD RD,Rayford
11930 STANDIFORD PLAZA DR,Standiford
3580 STATE ROUTE 66,TBD - New Jersey10
1510 MILSTEAD AVE NE,TBD - Atlanta18
2401 RANCH ROAD 620 S,TBD - Austin5
15507 STONEYBROOK WEST PKWY,TBD - Orlando24
3120 KATHLEEN RD,TBD - Orlando26
9423 SPRING GREEN BLVD,Spring Green
1320 BLANDING BLVD,TBD - Jacksonville19
7080 VIRGINIA PKWY,McKinney West
189 W NORTHWEST HWY,TBD - Chicago2
247 ROUTE 22 E,Green Brook
2814 W KENNEDY BLVD,TBD - Orlando30
512 W MAIN ST,TBD - Louisville7
770 S HIGHWAY 160,TBD - Las Vegas13
4310 OUTER LOOP,TBD - Louisville5
4025 TAYLORSVILLE RD,TBD - Louisville4
9702 WESTPORT RD,Westport
6620 BARDSTOWN RD,TBD - Louisville1
15650 W GREENFIELD AVE,Brookfield
S70W15775 JANESVILLE RD,Muskego
4688 S 108TH ST,TBD - Milwaukee5
7130 S 76TH ST,Franklin
601 MEADOWBROOK RD,Meadowbrook
2006 MEDICAL CENTER PKWY,Medical Center
1131 MERCURY BLVD,Murfreesboro
365 NEW SHACKLE ISLAND RD,TBD - Nashville5
1008 CENTER POINT PL,Center Point
1619 FRANKLIN RD,Brentwood
11185 LEBANON RD,TBD - Nashville6
14529 MANCHESTER RD,Manchester West
499 SALT LICK RD,Salt Lick
701 GRAVOIS BLUFFS BLVD,Fenton
776 JEFFCO BLVD,Arnold
3801 S OLD HIGHWAY 94,Saint Peters
1003 WOLFRUM RD,TBD - St. Louis6
1655 ZEBULON RD,TBD - Atlanta26
3770 TAMPA RD,Oldsmar
1702 KUSER RD,Kuser
3687 HIGHWAY 5,Douglasville
7935 TARA BLVD,TBD - Atlanta21
17407 CAREY RD,Westfield
795 N EMERSON AVE,Greenwood
3505 UNIVERSITY BLVD W,University
5990 TOWNSEND RD,TBD - Jacksonville17
630 BLANDING BLVD,Orange Park
13125 N MAIN ST,TBD - Jacksonville16
12230 ATLANTIC BLVD,TBD - Jacksonville15
4715 HODGES BLVD,TBD - Jacksonville18
6006 BEACH BLVD,Beach
16 PRINCETON HIGHTSTOWN RD,East Windsor
1020 US HIGHWAY 9,TBD - New Jersey11
590 CROSS KEYS RD,Sicklerville
100 WHITE HORSE PIKE N,Magnolia
404 ROUTE 73 S,Evesham
3046 ROUTE 38,Mt. Laurel
500 ROUTE 530,Whiting
11025 E WASHINGTON ST,TBD - Central Indiana3
10595 N MICHIGAN RD,TBD - Central Indiana1
10845 E 79TH ST,TBD - Central Indiana2
5095 E THOMPSON RD,TBD - Central Indiana5
720 S STATE ROAD 135,TBD - Central Indiana6
9240 ROCKVILLE RD,TBD - Central Indiana7
12188A N MERIDIAN STREET,Carmel
6202 W JEFFERSON BLVD,W. Jefferson
10170 MAYSVILLE RD,Maysville
11932 LIMA RD,Lima
1816 FRANKLIN ST,TBD - NW IN9
165 SAMOSET ST,Plymouth
1999 CENTRE ST,West Roxbury
610 PLEASANT ST,Brockton West
969 MAIN ST,South Weymouth
1583 ATWOOD AVE,Atwood
2000 HOWELL BRANCH RD,TBD - Orlando27
8000 LAKE UNDERHILL RD,TBD - Orlando28
4300 CURRY FORD RD,Curry Ford
6210 LAKELAND HIGHLANDS RD,Lakeland Highlands
1880 W OSCEOLA PKWY,Osceola
1669 E SILVER STAR RD,TBD - Orlando25
2274 FORTUNE RD,TBD - Orlando29
5545 CYPRESS GARDENS BLVD,Winter Haven
5205 RED BUG LAKE RD,TBD - Orlando23
330 S ORLANDO AVE,Maitland
7403 ALOMA AVE,Winter Park
7925 GUNN HWY,Gunn
1701 N MCMULLEN BOOTH RD,TBD - Tampa28
1011 BLOOMINGDALE AVE,Valrico
3425 53RD AVE W,Brandenton
9220 LITTLE RD,TBD - Tampa25
3901 S TAMIAMI TRL,TBD - Tampa27
3535 N TAMIAMI TRL,TBD - Tampa26
3860 CENTRAL SARASOTA PKWY,Central Sarasota
17955 WOLF RD,TBD - Chicago8
2111 WINDING RIVER DR,TBD - Chicago7
1301 E ALGONQUIN RD,TBD - Chicago5
951 N IL ROUTE 83,TBD - Chicago3
713 E OGDEN AVE,TBD - Chicago6
2871 PFINGSTEN RD,TBD - Chicago9
5600 W TOUHY AVE,TBD - Chicago10
1918 W FABYAN PKWY,TBD - Chicago11
1 N ELMHURST RD,TBD - Chicago12
2101 W JEFFERSON ST,TBD - Chicago13
3808 E TROPICANA AVE,Tropicana
4470 E BONANZA RD,TBD - Las Vegas12
6495 N DECATUR BLVD,North Decatur
4771 W CRAIG RD,TBD - Las Vegas11
8633 W CHARLESTON BLVD,TBD - Las Vegas9
7845 W FLAMINGO RD,Flamingo
6390 BOULDER HWY,Boulder
565 E CENTENNIAL PKWY,TBD - Las Vegas10
1645 CIMARRON EMPORIUM PLACE,TBD - El Paso